Workbook

Sheet 01_Cover
B2: MÔ HÌNH PHÂN TÍCH TÀI CHÍNH & ĐỊNH GIÁ GMD
B3: Công ty Cổ phần Tập đoàn Gemadept
B5: Giá hiện tại: | C5: 10000
B6: Số lượng CP lưu hành: | C6: 10000000
B7: Vốn hóa thị trường (tỷ): | C7: =C5*C6/1000000000

Sheet 02_Assumptions
A1: Tham số giả định | B1: Giá trị
A2: Tốc độ tăng trưởng DT dài hạn (g) | B2: 0.17285327
A3: Biên lợi nhuận ròng dự báo | B3: 0.3
A4: P/E Mục tiêu | B4: 12
A5: P/B Mục tiêu | B5: 1.5
A6: Số lượng cổ phiếu | B6: 10000000

Sheet 03_PnL
A1: Chỉ tiêu P&L (tỷ VND) | B1: 2021A | C1: 2022A | D1: 2023A | E1: 2024A | F1: 2025A | G1: 2026E | H1: 2027E
A2: Doanh thu thuần | B2: 3206.2902 | C2: 3898.2436 | D2: 3845.8263 | E2: 4832.0248 | F2: 5956.0253 | G2: =F2*(1+'02_Assumptions'!$B$2) | H2: =G2*(1+'02_Assumptions'!$B$2)
A3: Giá vốn hàng bán | B3: 2064.4892 | C3: 2180.183 | D3: 2067.8111 | E3: 2696.5444 | F3: 3216.5528 | G3: =G2*0.75 | H3: =H2*0.75
A4: Lợi nhuận gộp | B4: 1141.8009 | C4: 1718.0606 | D4: 1778.0152 | E4: 2135.4804 | F4: 2739.4725 | G4: =G2-G3 | H4: =H2-H3
A5: Lợi nhuận sau thuế (LNST) | B5: 612.18207 | C5: 993.91556 | D5: 2250.5773 | E5: 1455.4796 | F5: 1755.6298 | G5: =G2*'02_Assumptions'!$B$3 | H5: =H2*'02_Assumptions'!$B$3
A6: EPS (VND) | B6: 1869 | C6: 3034 | D6: 7207 | E6: 4276 | F6: 3839 | G6: =G5*1000000000/'02_Assumptions'!$B$6 | H6: =H5*1000000000/'02_Assumptions'!$B$6
A7: Vốn chủ sở hữu (VCSH) | B7: 0 | C7: 0 | D7: 0 | E7: 0 | F7: 0 | G7: =F7+G5*0.7 | H7: =G7+H5*0.7

Sheet 04_Ratios
A1: Chỉ số tài chính | B1: 2021A | C1: 2022A | D1: 2023A | E1: 2024A | F1: 2025A | G1: 2026E | H1: 2027E
A2: Biên lợi nhuận gộp (%) | B2: ='03_PnL'!B4/'03_PnL'!B2 | C2: ='03_PnL'!C4/'03_PnL'!C2 | D2: ='03_PnL'!D4/'03_PnL'!D2 | E2: ='03_PnL'!E4/'03_PnL'!E2 | F2: ='03_PnL'!F4/'03_PnL'!F2 | G2: ='03_PnL'!G4/'03_PnL'!G2 | H2: ='03_PnL'!H4/'03_PnL'!H2
A3: Biên lợi nhuận ròng (%) | B3: ='03_PnL'!B5/'03_PnL'!B2 | C3: ='03_PnL'!C5/'03_PnL'!C2 | D3: ='03_PnL'!D5/'03_PnL'!D2 | E3: ='03_PnL'!E5/'03_PnL'!E2 | F3: ='03_PnL'!F5/'03_PnL'!F2 | G3: ='03_PnL'!G5/'03_PnL'!G2 | H3: ='03_PnL'!H5/'03_PnL'!H2
A4: Hiệu suất sử dụng vốn (ROE) | B4: ='03_PnL'!B5/'03_PnL'!B7 | C4: ='03_PnL'!C5/'03_PnL'!C7 | D4: ='03_PnL'!D5/'03_PnL'!D7 | E4: ='03_PnL'!E5/'03_PnL'!E7 | F4: ='03_PnL'!F5/'03_PnL'!F7 | G4: ='03_PnL'!G5/'03_PnL'!G7 | H4: ='03_PnL'!H5/'03_PnL'!H7
